{"song":{"player1":"bf","player2":"fardman","notes":[{"lengthInSteps":16,"sectionNotes":[[327,0,0],[327,1,0],[327,2,0],[300,2,0],[300,3,0],[300,0,0],[300,1,0],[273,3,0],[273,2,0],[245,1,0],[245,2,0],[218,1,0],[191,0,0],[955,0,0],[955,1,0],[955,2,0],[955,3,0],[927,0,0],[927,1,0],[927,2,0],[927,3,0],[900,0,0],[900,1,0],[900,2,0],[873,1,0],[873,2,0],[873,3,0],[845,0,0],[845,1,0],[845,2,0],[845,3,0],[818,0,0],[818,2,0],[818,3,0],[813.068181818182,1,0],[811.363636363636,1,0],[806.25,1,0],[804.545454545455,1,0],[801.136363636364,1,0],[796.022727272727,1,0],[789.204545454545,1,0],[787.5,1,0],[784.090909090909,1,0],[782.386363636364,1,0],[780.681818181818,1,0],[777.272727272727,1,0],[773.863636363636,1,0],[767.045454545455,1,0],[763.636363636364,1,0],[751.704545454545,1,0],[791,0,0],[791,2,0],[791,3,0],[764,0,0],[764,2,0],[764,3,0],[736,0,0],[736,2,0],[736,3,0],[709,0,0],[709,2,0],[709,3,0],[682,0,0],[682,2,0],[682,3,0],[682,1,136.363636363636],[465.340909090909,0,0],[448.295454545455,0,0],[444.886363636364,0,0],[443.181818181818,0,0],[441.477272727273,0,0],[439.772727272727,0,0],[438.068181818182,0,0],[436.363636363636,0,0],[434.659090909091,0,0],[438.068181818182,1,0],[436.363636363636,1,0],[431.25,1,0],[426.136363636364,1,0],[422.727272727273,1,0],[421.022727272727,2,0],[419.318181818182,2,0],[412.5,2,0],[397.159090909091,3,0],[393.75,3,0],[392.045454545455,3,0],[388.636363636364,3,0],[385.227272727273,3,0],[191,2,0],[191,3,0],[191,1,0],[390,0,0],[420,3,0]],"mustHitSection":false},{"lengthInSteps":16,"sectionNotes":[[954,0,0],[954,1,0],[954,2,0],[954,3,0],[942,0,0],[942,1,0],[942,2,0],[942,3,0],[930,0,0],[930,1,0],[930,2,0],[930,3,0],[918,0,0],[918,1,0],[918,2,0],[918,3,0],[906,0,0],[906,1,0],[906,2,0],[906,3,0],[894,0,0],[894,1,0],[894,2,0],[894,3,0],[882,0,0],[882,1,0],[882,2,0],[882,3,0],[870,0,0],[870,1,0],[870,2,0],[870,3,0],[858,0,0],[858,1,0],[858,2,0],[858,3,0],[846,2,0],[846,3,0],[846,0,0],[846,1,0],[834,0,0],[834,1,0],[834,2,0],[834,3,0],[822,0,0],[822,1,0],[822,2,0],[822,3,0],[810,0,0],[810,1,0],[810,2,0],[810,3,0],[798,0,0],[798,1,0],[798,2,0],[798,3,0],[786,0,0],[786,1,0],[786,2,0],[786,3,0],[774,0,0],[774,1,0],[774,2,0],[774,3,0],[750,1,0],[750,2,0],[750,3,0],[738,0,0],[738,1,0],[738,2,0],[738,3,0],[726,0,0],[726,2,0],[726,1,0],[726,3,0],[714,0,0],[714,1,0],[714,2,0],[714,3,0],[702,0,0],[702,1,0],[702,2,0],[702,3,0],[690,0,0],[690,1,0],[690,2,0],[690,3,0],[666,0,0],[666,1,0],[666,2,0],[666,3,0],[654,0,0],[654,1,0],[654,2,0],[654,3,0],[642,0,0],[642,1,0],[642,2,0],[642,3,0],[630,0,0],[630,1,0],[630,2,0],[630,3,0],[618,1,0],[618,2,0],[618,3,0],[618,0,0],[606,0,0],[606,1,0],[606,2,0],[606,3,0],[594,0,0],[594,2,0],[594,1,0],[582,3,0],[582,1,0],[582,0,0],[570,0,0],[570,2,0],[570,3,0],[558,2,0],[558,3,0],[558,1,0],[546,0,0],[546,1,0],[546,2,0],[546,3,0],[534,0,0],[534,1,0],[534,2,0],[534,3,0],[522,0,0],[522,1,0],[522,2,0],[522,3,0],[510,0,0],[510,1,0],[510,2,0],[510,3,0],[498,0,0],[498,1,0],[498,2,0],[498,3,0],[486,1,0],[486,0,0],[486,2,0],[486,3,0],[474,0,0],[474,1,0],[474,2,0],[474,3,0],[462,0,0],[462,1,0],[462,2,0],[462,3,0]],"mustHitSection":false},{"lengthInSteps":16,"sectionNotes":[[1402,0,0],[1402,3,0],[1390,2,0],[1390,0,0],[1378,1,0],[1378,0,0],[1366,0,0],[1366,1,0],[1366,2,0],[1354,0,0],[1354,1,0],[1354,2,0],[1354,3,0],[1342,1,0],[1342,2,0],[1342,3,0],[1330,2,0],[1330,3,0],[1318,3,0],[1306,2,0],[1306,3,0],[1294,2,0],[1294,1,0],[1282,1,0],[1282,0,0],[1270,0,0],[1258,0,0],[1258,1,0],[1246,3,0],[1246,2,0],[1246,1,0],[1246,0,0],[1234,0,0],[1234,1,0],[1234,2,0],[1234,3,0],[1222,1,0],[1222,0,0],[1222,2,0],[1210,1,0],[1210,2,0],[1210,3,0],[1198,0,0],[1198,1,0],[1198,2,0],[1198,3,0],[1186,0,0],[1186,1,0],[1186,2,0],[1186,3,0],[1174,0,0],[1174,1,0],[1174,2,0],[1174,3,0],[1162,0,0],[1162,1,0],[1162,2,0],[1162,3,0],[1150,1,0],[1150,0,0],[1150,2,0],[1150,3,0],[1138,0,0],[1138,1,0],[1138,2,0],[1138,3,0],[1126,0,0],[1126,1,0],[1126,2,0],[1126,3,0],[1114,0,0],[1114,1,0],[1114,2,0],[1114,3,0],[1102,0,0],[1102,1,0],[1102,2,0],[1102,3,0],[1090,0,0],[1090,1,0],[1090,2,0],[1090,3,0],[1078,0,0],[1078,1,0],[1078,2,0],[1078,3,0],[1066,2,0],[1066,3,0],[1066,0,0],[1066,1,0],[1054,0,0],[1054,1,0],[1054,2,0],[1054,3,0],[1042,1,0],[1042,0,0],[1042,2,0],[1042,3,0],[1030,0,0],[1030,1,0],[1030,2,0],[1030,3,0],[1018,0,0],[1018,1,0],[1006,2,0],[1006,3,0],[994,0,0],[994,2,0],[982,1,0],[982,2,0],[982,3,0],[970,0,0],[970,1,0],[970,3,0],[970,2,0],[958,1,0],[958,0,0],[958,2,0],[958,3,0]],"mustHitSection":false},{"lengthInSteps":16,"sectionNotes":[],"mustHitSection":false},{"lengthInSteps":16,"sectionNotes":[],"mustHitSection":true},{"lengthInSteps":16,"sectionNotes":[],"mustHitSection":true},{"lengthInSteps":16,"sectionNotes":[[13090.9082,6,545.4545],[13363.6357,1,0],[13636.3633,0,0],[13909.0908,0,0],[14181.8174,2,272.727264],[14590.9082,3,0],[14727.2725,0,0],[15000,1,0]],"mustHitSection":false},{"lengthInSteps":16,"sectionNotes":[[15272.7266,3,272.727264],[15681.8174,0,0],[15954.5449,0,0],[16090.9082,0,0],[16363.6357,2,272.727264],[16772.7266,3,0],[16909.09,0,0]],"mustHitSection":false},{"lengthInSteps":16,"sectionNotes":[[17454.5449,6,545.4545],[17727.2715,1,0],[18000,0,0],[18272.7266,0,0],[18545.4531,2,272.727264],[18954.5449,3,0],[19090.9082,0,0],[19363.6367,1,0]],"mustHitSection":true},{"lengthInSteps":16,"sectionNotes":[[19636.3633,3,272.727264],[20045.4531,0,0],[20318.1816,0,0],[20454.5449,0,0],[20727.2715,2,272.727264],[21136.3633,3,0],[21272.7266,0,0]],"mustHitSection":true},{"lengthInSteps":16,"sectionNotes":[[21818.1816,6,409.090881],[21818.1816,2,409.090881],[22363.6348,7,0],[22363.6348,3,0],[22636.3633,7,0],[22636.3633,3,0],[22909.09,4,0],[22909.09,0,0],[23181.8184,4,0],[23181.8184,0,0],[23318.1816,5,0],[23318.1816,1,0],[23454.5449,4,0],[23454.5449,0,0],[23727.2715,4,0],[23727.2715,0,0],[23863.6348,7,0],[23863.6348,3,0]],"mustHitSection":false},{"lengthInSteps":16,"sectionNotes":[[24000,1,409.090881],[24000,5,409.090881],[24545.4531,4,0],[24545.4531,0,0],[24818.1816,4,0],[24818.1816,0,0],[24954.5449,7,0],[24954.5449,3,0],[25090.9082,6,136.363632],[25090.9082,2,136.363632],[25363.6348,7,0],[25363.6348,3,0],[25636.3633,7,0],[25636.3633,3,0],[25909.09,5,0],[25909.09,1,0]],"mustHitSection":false},{"lengthInSteps":16,"sectionNotes":[[26181.8164,4,409.090881],[26181.8164,3,409.090881],[26727.2715,0,409.090881],[26727.2715,7,409.090881],[27272.7266,6,0],[27272.7266,2,0],[27545.4531,6,0],[27545.4531,2,0],[27818.1816,7,409.090881],[27818.1816,0,409.090881]],"mustHitSection":true},{"lengthInSteps":16,"sectionNotes":[[28363.6348,5,409.090881],[28363.6348,1,409.090881],[28909.09,7,409.090881],[28909.09,3,409.090881],[29454.5449,6,409.090881],[29454.5449,2,409.090881],[30000,4,0],[30000,0,0],[30272.7266,7,409.090881],[30272.7266,3,0]],"mustHitSection":true},{"lengthInSteps":16,"sectionNotes":[[30545.4531,5,545.4545],[30818.1816,2,0],[31090.9082,0,0],[31363.6348,1,0],[31636.3633,3,0],[31772.7266,0,0],[31909.09,3,0],[32181.8164,3,0],[32454.5449,1,0]],"mustHitSection":false},{"lengthInSteps":16,"sectionNotes":[[33000,1,0],[33136.3633,3,0],[33272.7266,0,136.363632],[33545.4531,1,0],[33818.18,2,0],[34090.9063,0,0],[34363.6367,3,0],[34636.3633,0,0],[34772.7266,1,0]],"mustHitSection":false},{"lengthInSteps":16,"sectionNotes":[[34909.09,7,0],[35181.8164,7,0],[35181.8164,2,0],[35454.543,0,0],[35727.2734,1,0],[36000,3,0],[36136.3633,0,0],[36272.7266,3,0],[36545.4531,3,0],[36818.18,1,0]],"mustHitSection":true},{"lengthInSteps":16,"sectionNotes":[[37363.6367,1,0],[37500,3,0],[37636.3633,0,136.363632],[37909.09,1,0],[38181.8164,2,0],[38454.543,0,0],[38727.2734,3,0],[38727.2734,7,0],[39000,5,0],[39000,0,0],[39136.3633,7,0],[39136.3633,1,0]],"mustHitSection":true},{"lengthInSteps":16,"sectionNotes":[[39272.7266,2,0],[39272.7266,7,0],[39545.4531,2,0],[39545.4531,7,0],[39818.18,0,0],[39954.543,1,0],[40090.9063,3,0],[40363.6367,3,0],[40500,0,0],[40636.3633,3,0],[40909.09,3,0],[41181.8164,1,0]],"mustHitSection":false},{"lengthInSteps":16,